,index,Unnamed: 0,id,tweet,label
0,35,35,1.0606109106397102e+18,@realDonaldTrump What are you going to do about the Domestic White Terrorism? #ThousandsOaks #PittsburghStrong #LasVegasShooting ????,query
1,38,38,1.0606106563643228e+18,"RT @QuestiGirl: When do things become a mathematical impossibility? 

Why are survivors of the Las Vegas shooting being targeted and killed‚Ä¶",query
2,57,57,1.0606092582474875e+18,"@NRA Can gun violence *really* be a solvable problem if there's no data or analysis of the facts, amirite NRA?‚Ä¶ https://t.co/prL8XfxPab",query
3,63,63,1.0606088352772547e+18,RT @WVWOnline: Chances you are at a mass shooting is slim but 2??? Anyone else think all the Vegas shooting survivors keep dying or being c‚Ä¶,query
4,74,74,1.0606071054078362e+18,"When do things become a mathematical impossibility? 

Why are survivors of the Las Vegas shooting being targeted an‚Ä¶ https://t.co/NG0zyZ18Lr",query
5,92,92,1.0606050067542999e+18,"RT @GematriaClub: Another #DeepState + #FakeNews False Flag Event üî´  #Hoax

DEATH =118
Ian David Long =118
Staged Shooting =811
Borderline‚Ä¶",deny
6,97,97,1.0606041918512128e+18,"Another #DeepState + #FakeNews False Flag Event üî´  #Hoax

DEATH =118
Ian David Long =118
Staged Shooting =811
Borde‚Ä¶ https://t.co/6qPuHX1yN5",deny
7,102,102,1.0606029554543862e+18,RT @WVWOnline: Chances you are at a mass shooting is slim but 2??? Anyone else think all the Vegas shooting survivors keep dying or being c‚Ä¶,query
8,105,105,1.0606024348112404e+18,"@HamillHimself How. Many. Will. It. Take?
How many have to die before we value life more than the #2ndAmendment?‚Ä¶ https://t.co/v1Q2KmqRZ1",query
9,107,107,1.0606023757177078e+18,Again...why are they taking out #LasVegasShooting  witnesses? https://t.co/BpaYZD0cGs,query
10,108,108,1.0606022614898975e+18,RT @WVWOnline: Chances you are at a mass shooting is slim but 2??? Anyone else think all the Vegas shooting survivors keep dying or being c‚Ä¶,query
11,110,110,1.0606020722597929e+18,Chances you are at a mass shooting is slim but 2??? Anyone else think all the Vegas shooting survivors keep dying o‚Ä¶ https://t.co/Y5WAuhZoyJ,query
12,115,115,1.0606012733875692e+18,@MarshaBlackburn Are you kidding me with this? I want video of you telling the parents of the dead children from‚Ä¶ https://t.co/HSNdhlcOuA,query
13,120,120,1.0605992673944125e+18,"RT @LauraLoomer: ISIS claimed responsibility for the #LasVegasShooting 4 times. 

Besides his body in the room, there is zero evidence whic‚Ä¶",deny
14,132,132,1.0605963747047014e+18,"@Breaking911 @diana102252 #CIA did this, #LasVegasShooting as well.",deny
15,153,153,1.0605917035502469e+18,"What are the odds? Seriously, what are the odds?...curiouser and curiouser...

Survivors of #LasVegasShooting were‚Ä¶ https://t.co/J5ogm5Rrgl",query
16,168,168,1.0605898306466529e+18,@AbbyMartin What are the chances that people in #LasVegasShooting were here at #ThousandOaksShooting ? Around my ch‚Ä¶ https://t.co/AT3fUdWD2W,query
17,169,169,1.0605895398724362e+18,"We will NEVER find out what really happened...
#LasVegasShooting https://t.co/T86ADMGrE2",deny
18,172,172,1.0605890208146842e+18,"RT @LorrieNJ50: Research. Who inside the bar were also witnesses at the Las Vegas Route 91 Harvest Festival concert?
Are people still talki‚Ä¶",query
19,176,176,1.060588604626473e+18,"Enjoy your Thoughts and Prayers America. 
Again. 

Or you could just do away with your guns. 

Sad people...‚Ä¶ https://t.co/bpmnM4wbBt",deny
20,190,190,1.0605864505786819e+18,"No. There's NO #DeepStateStink to this at all‚Ä¶

#LasVegasShooting
#BorderLine
#RedLine

""I was at the Las Vegas Rou‚Ä¶ https://t.co/KDtYELtJyJ",deny
21,208,208,1.060583198730666e+18,Still no truth on #LasVegasShooting,deny
22,212,212,1.0605828572513485e+18,"And we are to believe that this is totally random??? Please #LasVegasShooting #CaliforniaBarShooting 

https://t.co/WYVQvvn44b",query
23,213,213,1.060582828331688e+18,"RT @pitsr4me: Hmm ü§î Are you putting two and two together‚ÅâÔ∏è
#BorderLineShooting 
#LasVegasShooting 
#ConnectTheDots
#RonHelus https://t.co/9‚Ä¶",query
24,228,228,1.0605798990213857e+18,"What are the odds that anyone survives one mass shooting, only to be a victim at ANOTHER mass shooting within a yea‚Ä¶ https://t.co/BcYNq4z2cf",query
25,280,280,1.0605745045382513e+18,"RT @pitsr4me: Hmm ü§î Are you putting two and two together‚ÅâÔ∏è
#BorderLineShooting 
#LasVegasShooting 
#ConnectTheDots
#RonHelus https://t.co/9‚Ä¶",query
26,286,286,1.0605742402048205e+18,"Research. Who inside the bar were also witnesses at the Las Vegas Route 91 Harvest Festival concert?
Are people sti‚Ä¶ https://t.co/rCPVqWepsG",query
27,296,296,1.0605734310901105e+18,"Hmm ü§î Are you putting two and two together‚ÅâÔ∏è
#BorderLineShooting 
#LasVegasShooting 
#ConnectTheDots
#RonHelus https://t.co/940ZpYz1Jh",query
28,330,330,1.060569320697131e+18,"RT @LauraLoomer: ISIS claimed responsibility for the #LasVegasShooting 4 times. 

Besides his body in the room, there is zero evidence whic‚Ä¶",deny
29,345,345,1.0605679622292685e+18,"RT @taxcutsforall: What are the odds?  When is it statistically impossible?  #FalseFlag?  #LasVegasShooting survivors, this isn‚Äôt the first‚Ä¶",query
30,348,348,1.0605675585862164e+18,"RT @sovereignity77: WHAT! #LasVegasShooting survivors attacked again in California?!

https://t.co/zmhcur6QKu",query
31,351,351,1.0605674701366764e+18,"WHAT! #LasVegasShooting survivors attacked again in California?!

https://t.co/zmhcur6QKu",query
32,352,352,1.0605672981787607e+18,"""Las Vegas"" is trending on Twitter, because of the #LasVegasShooting...

Why hasn't anyone in the Media - alternati‚Ä¶ https://t.co/ZaeFkulK49",query
33,407,407,1.0605633905344676e+18,@sharonfromNOLA Did you fully read the ‚Äòreporter‚Äôs‚Äô tweet? she is also spreading misinformation from the horrific 2‚Ä¶ https://t.co/pMXaMBHwnS,deny
34,485,485,1.0605589042901443e+18,"And there it is... Two days after dems take the House, gun violence breaks out &amp; we need stricter gun laws‚ÅâÔ∏è
We own‚Ä¶ https://t.co/3lvJ34JyQt",query
35,592,592,1.0605541419515781e+18,"RT @LauraLoomer: 12 were killed in a California bar shooting last night. 

The suspect has been described as a Middle Eastern man with a be‚Ä¶",query
36,602,602,1.060553598600405e+18,Do you remember the #LasVegasShooting? https://t.co/lNhnYojP5i,query
37,763,763,1.0605449397406556e+18,@EdKrassen @Real_ImoGirl Irony: it has been reported some at the Thousand Oaks Club we‚Äôre likewise at the‚Ä¶ https://t.co/1BzVENRA6o,deny
38,819,819,1.0605431905063977e+18,"RT @LauraLoomer: Yup. Just like the #LasVegasShooting. 

ISIS claimed responsibility for vegas and now a middle eastern man is being descri‚Ä¶",deny
39,876,876,1.0605418125348454e+18,"I'm so sorry for your loss. üòï

It's ridiculously transparent that the facts of #LasVegasShooting are being kept fro‚Ä¶ https://t.co/svqU7gkuKE",deny
40,13,13,1.0606115312878141e+18,"RT @Marina_Sirtis: So do we need armed guards outside bars as well now, @realDonaldTrump? Your lily-livered cowardice to stand up to the ev‚Ä¶",query
41,36,36,1.0606114514785729e+18,"RT @themiamivoice: It's just another mass shooting, im going back to sleep üò¥ #CaliforniaShooting https://t.co/cJyEkEikbu",deny
42,48,48,1.0606114181464392e+18,"RT @AngelaBelcamino: Answer this... 

If you could snap your fingers and have all of the guns in America disappear, would it save lives?‚Ä¶",query
43,52,52,1.060611392347222e+18,"RT @dave__whiteside: Thoughts on yet another mass shooting in the States:

1. The notion that you can't work on mental health AND gun refor‚Ä¶",deny
44,63,63,1.0606113589899224e+18,RT @sjredmond: Why has gun violence research has been shut down for 20 years? The NRA of course. Save us from the facts! #massshooting #Cal‚Ä¶,query
45,68,68,1.0606113421077299e+18,"RT @BettyBowers: Guns don't kill people?  Well, they certainly seem to help . . .  #CaliforniaShooting https://t.co/IBD8QgcAuA",query
46,92,92,1.0606112807116225e+18,"RT @austinjrandall: two days ago, we had the opportunity to vote to elect government officials that are pro #guncontrolnow? last night, 13‚Ä¶",query
47,107,107,1.0606112382863196e+18,"RT @CommonSenseWise: Be it #Californiashooting or any other #massshooting, the problem isn‚Äôt the guns, the laws or the law enforcement. It‚Äô‚Ä¶",deny
48,110,110,1.0606112343310254e+18,"RT @AynRandPaulRyan: According to Republicans, we could only talk about gun reform for 6 out of the 313 days so far this year.

Because we'‚Ä¶",deny
49,111,111,1.0606112342807306e+18,RT @Harryslaststand: The last thing America needs is thoughts and prayers from politicians for the latest victims to a 2nd amendment hijack‚Ä¶,deny
50,112,112,1.0606112304427663e+18,"RT @nachi316: He doesn‚Äôt look black.
He sureshot doesn‚Äôt look Muslim.
I‚Äôm pretty sure he isn‚Äôt a hombre with MS-13.
Hmmmm... what could he‚Ä¶",deny
51,117,117,1.0606112161445478e+18,RT @taradublinrocks: Why does @PrisonPlanet still get to be here when all of the other #InfoWars bullshittery has been banned? #DeleteHisAc‚Ä¶,query
52,118,118,1.060611207219032e+18,"RT @austin_sam001: Oh, so there was another mass shooting in the US, the 304th this year? Thoughts &amp; prayers were offered, right? Is #GunCo‚Ä¶",query
53,131,131,1.0606111814995558e+18,RT @kharyp: Mental illnesses didn‚Äôt shoot &amp; kill 12 people in #ThousandOaks last night. A man with a gun did. Im sick of people using menta‚Ä¶,deny
54,132,132,1.0606111766886931e+18,RT @KingAtlasLIVE: Blaming the NRA for gun violence is like blaming McDonald's for making you fat. People are responsible for their own act‚Ä¶,deny
55,133,133,1.0606111734631465e+18,RT @AndyOstroy: Another shooting by a white male. 12 dead. But let's keep demonizing immigrants.... #CaliforniaShooting https://t.co/7IOfnR‚Ä¶,deny
56,134,134,1.0606111695877734e+18,RT @taradublinrocks: Why does @PrisonPlanet still get to be here when all of the other #InfoWars bullshittery has been banned? #DeleteHisAc‚Ä¶,query
57,142,142,1.0606111359956091e+18,"@ABC This right here, makes it very clear to me how wounded and angry America has become... When will gun violence‚Ä¶ https://t.co/1Ufts8bv0H",query
58,174,174,1.0606110180601651e+18,What the hell is happening when our country suffers mass shootings on an almost WEEKLY BASIS? #CaliforniaShooting,query
59,207,207,1.0606108829237208e+18,another shooting in the states? when does it end? THIS IS BRUTAL #CaliforniaShooting #ThousandOaks,query
